[
    {
        "image":"https://sparkgadgets-demo.zohoecommerce.com/stock_images/gadgets-zs200006/zcstock-images-19.webp",
        "title":"Up to 20% Discount",
        "desc":"The Apple Mouse 2 is designed for those who seek a seamless experience with their quality.",
        "date":"08 June 2025"
    },
    {
        "image":"https://sparkgadgets-demo.zohoecommerce.com/stock_images/gadgets-zs200006/zcstock-images-20.webp",
        "title":"Up to 20% Discount",
        "desc":"The Apple Mouse 2 is designed for those who seek a seamless experience with their quality.",
        "date":"08 June 2025"
    },{
        "image":"https://sparkgadgets-demo.zohoecommerce.com/stock_images/gadgets-zs200006/zcstock-images-21.webp",
        "title":"Up to 20% Discount",
        "desc":"The Apple Mouse 2 is designed for those who seek a seamless experience with their quality.",
        "date":"08 June 2025"
    }
]