[
  {
    "id": 1,
    "name": "AeroPods X2",
    "price": 49.99,
    "image": "aeropods_x2.webp",
    "description": "Wireless earbuds offering advanced noise cancellation, long battery life, and seamless Bluetooth connectivity for uninterrupted audio experiences.",
    "category": "Electronics",
    "sku": "APX2-1001",
    "brand": "AeroTech",
    "color": "Black",
    "water_resistant": false,
    "display_type": "None",
    "style_code": "AT-EAR-21",
    "series": "X2",
    "ratings": 4.5,
    "stock": 150,
    "warranty": "1 Year"
  },
  {
    "id": 10,
    "name": "Samsung S23 Ultra",
    "price": 999.99,
    "image": "s23ultra.webp",
    "description": "Flagship smartphone equipped with a powerful processor, a pro-grade camera system, and the signature S Pen for precise productivity and creativity.",
    "category": "Smartphones",
    "sku": "SSU-1010",
    "brand": "Samsung",
    "color": "Phantom Black",
    "water_resistant": true,
    "display_type": "Dynamic AMOLED",
    "style_code": "SM-PHN-01",
    "series": "S23",
    "ratings": 4.9,
    "stock": 30,
    "warranty": "1 Year"
  },
  {
    "id": 6,
    "name": "DiamondX",
    "price": 599.99,
    "image": "diamondx.webp",
    "description": "Luxury smartwatch featuring a diamond-finish bezel, high-resolution OLED display, and exclusive fitness tracking features for a premium lifestyle.",
    "category": "Smartwatches",
    "sku": "DMX-6006",
    "brand": "Luxora",
    "color": "Gold",
    "water_resistant": true,
    "display_type": "OLED",
    "style_code": "LX-LUX-88",
    "series": "DiamondX",
    "ratings": 4.8,
    "stock": 25,
    "warranty": "2 Years"
  },
  {
    "id": 2,
    "name": "BaseWave Pro",
    "price": 89.99,
    "image": "basewave_pro.webp",
    "description": "Compact Bluetooth speaker with deep bass, rugged exterior design, and 12-hour battery life for outdoor music sessions.",
    "category": "Audio",
    "sku": "BWP-2002",
    "brand": "SoundCore",
    "color": "Blue",
    "water_resistant": true,
    "display_type": "LED",
    "style_code": "SC-SPK-45",
    "series": "Pro",
    "ratings": 4.2,
    "stock": 80,
    "warranty": "6 Months"
  },
  {
    "id": 16,
    "name": "TurboCharge",
    "price": 29.99,
    "image": "turbocharge.webp",
    "description": "High-efficiency smartphone charger that supports Quick Charge 4.0 technology for ultra-fast charging on compatible devices.",
    "category": "Accessories",
    "sku": "TBC-1616",
    "brand": "VoltGo",
    "color": "Black",
    "water_resistant": false,
    "display_type": "None",
    "style_code": "VG-CHR-90",
    "series": "Turbo",
    "ratings": 4.4,
    "stock": 150,
    "warranty": "1 Year"
  },
  {
    "id": 4,
    "name": "Core Pro X",
    "price": 119.49,
    "image": "coreprox.webp",
    "description": "Fitness tracker packed with real-time health metrics, AMOLED screen, and app integration for a complete wellness routine.",
    "category": "Wearables",
    "sku": "CPX-4004",
    "brand": "FitCore",
    "color": "Red",
    "water_resistant": true,
    "display_type": "AMOLED",
    "style_code": "FC-TRK-33",
    "series": "Pro X",
    "ratings": 4.3,
    "stock": 100,
    "warranty": "1 Year"
  },
  {
    "id": 9,
    "name": "Melofit",
    "price": 35.99,
    "image": "melofit.webp",
    "description": "Stylish, comfortable earbuds designed for daily use, featuring balanced sound for music lovers and passive noise isolation.",
    "category": "Audio",
    "sku": "MLF-9009",
    "brand": "Melo",
    "color": "Pink",
    "water_resistant": false,
    "display_type": "None",
    "style_code": "ME-EBR-91",
    "series": "Fit",
    "ratings": 3.9,
    "stock": 120,
    "warranty": "6 Months"
  },
  {
    "id": 13,
    "name": "Stellafit",
    "price": 149.99,
    "image": "stellafit.webp",
    "description": "Elegant smartwatch for modern lifestyles, featuring fitness and sleep tracking with AMOLED visuals and sleek design.",
    "category": "Smartwatches",
    "sku": "STF-1313",
    "brand": "Stella",
    "color": "Rose Gold",
    "water_resistant": true,
    "display_type": "AMOLED",
    "style_code": "SL-SMT-22",
    "series": "Fit",
    "ratings": 4.6,
    "stock": 60,
    "warranty": "1 Year"
  },
  {
    "id": 14,
    "name": "TravelBoost",
    "price": 39.99,
    "image": "travelboost.webp",
    "description": "Reliable power bank tailored for travelers with dual-port fast charging and a compact, durable form factor.",
    "category": "Accessories",
    "sku": "TRB-1414",
    "brand": "VoltGo",
    "color": "Grey",
    "water_resistant": false,
    "display_type": "LED Indicator",
    "style_code": "VG-PBK-77",
    "series": "Boost",
    "ratings": 4.2,
    "stock": 85,
    "warranty": "1 Year"
  },
  {
    "id": 5,
    "name": "DeepSea Pro Watch",
    "price": 199.99,
    "image": "deepsea.webp",
    "description": "Engineered for divers, this professional digital watch features a 200m water resistance rating and precision timekeeping.",
    "category": "Watches",
    "sku": "DSP-5005",
    "brand": "AquaTime",
    "color": "Black",
    "water_resistant": true,
    "display_type": "Digital",
    "style_code": "AT-DIV-05",
    "series": "DeepSea",
    "ratings": 4.6,
    "stock": 40,
    "warranty": "2 Years"
  }
]
